Utterance_Order,User_Utterance,Chatbot_Response,Feedback_Tip,Interjection_Point,Conversation_ID,Social_Setting
1,"Have you ever noticed how everyone pretends to text on their phones to avoid small talk? I'm Max, by the way.","That's a pretty accurate observation. I'm Lily. It seems like a common escape strategy these days, doesn't it?",Using an observation about a common social behavior as an icebreaker is a good way to start a conversation. It's relatable and breaks the initial barrier.,TRUE,1001,casual_social_gathering
2,It really is. I guess it's just easier than stepping out of our comfort zones. Do you find yourself doing that often?,"Sometimes, but I'm trying to get better at actual conversations. Speaking of comfort zones, do you have any pets? They’re great at breaking the ice.",Acknowledging the common behavior and then shifting the topic to pets can smoothly transition the conversation into a more personal and engaging area.,TRUE,1001,casual_social_gathering
3,"I do, I have a dog. He's probably the friendliest creature I know. How about you, any pets in your life?",I have a cat. She’s quite the character. Isn’t it interesting how pets can have such distinct personalities?,Sharing about one's pets and inquiring about the other person's can lead to a more personal connection and a discussion about the quirks and joys of pet ownership.,TRUE,1001,casual_social_gathering
4,"Absolutely. My dog is like a perpetual optimist, always happy. What's your cat like?",She's independent but affectionate on her terms. It's funny how cats seem to set their own rules. Do you find your dog helps you meet people?,Describing one's pet's personality and asking about the social impact of the other person's pet can add depth to the conversation and explore the social aspects of pet ownership.,TRUE,1001,casual_social_gathering
5,"He does, actually. Walking him is a great way to interact with neighbors and other dog owners. It's like an instant community. Do you think pets reflect their owners’ personalities?","That’s true, pets do bring people together. I think they can reflect some aspects of our personalities, or maybe we grow to match them. Is your dog a reflection of you?",Discussing the community-building aspect of pets and pondering whether pets and owners reflect each other's personalities can make the conversation insightful and reflective.,TRUE,1001,casual_social_gathering
6,"In some ways, yes. His enthusiasm is definitely contagious. I've become more outgoing because of him. Has your cat influenced you in any way?",I think so. Her independence has taught me the value of quiet moments and self-reliance. What's the most amusing thing your dog has ever done?,Sharing how pets have influenced their owners' lives and asking about amusing pet stories keeps the conversation engaging and allows for sharing personal anecdotes.,TRUE,1001,casual_social_gathering
7,He once managed to get himself tangled in a neighbor’s garden decorations. It was a spectacle. Cats seem more dignified. Any funny quirks with your cat?,She has this habit of sitting on my laptop whenever I work from home. It’s like she knows when I need a break. Do you take your dog to parks often?,Sharing humorous incidents involving pets and asking about the other person's experiences with their pet keeps the conversation lively and relatable.,TRUE,1001,casual_social_gathering
1,"They say waiting at a car service center is an exercise in patience. I’m Alex, just here for a routine check-up.","That's so true. I'm Nora, waiting on some repairs. What kind of car do you drive?",Making a general comment about the shared experience is a good way to start a conversation in a waiting scenario.,TRUE,1002,waiting
2,"I have an older sedan, nothing fancy but reliable. How about you?","I drive a compact car, perfect for city driving. It's usually low maintenance, thankfully. Do you enjoy driving?",Responding with information about your car and asking about the other person's driving preferences keeps the conversation relevant and casual.,TRUE,1002,waiting
3,"I do, especially on open roads. It's kind of therapeutic. Do you have any favorite road trips or destinations?",I love scenic drives along the coast. There's something calming about the ocean. What's been your most memorable road trip?,Sharing a love for scenic drives and asking about memorable trips can lead to an interesting and more personal exchange.,TRUE,1002,waiting
4,I once drove through the mountains in the fall. The colors were incredible. Are you more of a nature enthusiast or a city explorer?,"Both have their charm, but I lean towards nature. I enjoy hiking and outdoor photography. How do you usually spend your weekends?",Discussing preferences for nature or city settings and inquiring about weekend activities can expand the conversation to hobbies and personal interests.,TRUE,1002,waiting
5,"Mostly catching up on reading and trying out new recipes. Cooking is a great way to unwind. Do you cook, or are you more of a takeout person?","I enjoy cooking, especially experimenting with healthy recipes. Trying new things in the kitchen can be fun. What's your favorite cuisine to cook?",Sharing cooking experiences and asking about the other person's favorite cuisine to cook can reveal more about their lifestyle and interests.,TRUE,1002,waiting
6,I love Italian cuisine. There's so much you can do with pasta. Do you have a go-to dish that you love to make?,"Pasta is wonderful. I often make stir-fries; they're quick and versatile. It's been nice talking with you, Alex.",Discussing favorite dishes and acknowledging the enjoyment of the conversation can keep it friendly and engaging.,TRUE,1002,waiting
7,"Likewise, Nora. Maybe next time I’m waiting here, I'll bring a pasta dish! Hope your car repairs go smoothly.","That sounds great! Thank you, and I hope your check-up is quick and easy.",Offering a lighthearted future interaction and well wishes for the other person's car service can conclude the conversation on a positive and friendly note.,TRUE,1002,waiting
1,Delayed flights seem to be a part of life’s great waiting game. Heading somewhere exciting?,"Definitely feels that way. I'm Ethan, heading to a conference in New York. What about you?","Starting a conversation by commenting on a shared situation, like a flight delay, can be a relatable and easy way to break the ice.",TRUE,1003,waiting
2,I'm Sara. I'm actually going on vacation to Hawaii. New York sounds exciting though. What’s the conference about?,"Oh, Hawaii sounds fantastic! The conference is about renewable energy. It’s a field I'm really passionate about.",Sharing your destination and the purpose of your trip can spark interest and lead to a more engaging conversation.,TRUE,1003,waiting
3,"Renewable energy, that’s an important field. I work in environmental law, so that’s right up my alley. Do you work in the energy sector?","That’s a great coincidence. Yes, I do. I'm involved in solar energy projects. Does your work in environmental law intersect with renewable energy?","Finding a common professional interest can deepen the conversation, allowing for a more meaningful and relevant exchange.",TRUE,1003,waiting
4,"Quite often, actually. We deal with a lot of policies related to sustainability and energy use. It’s challenging but rewarding. What got you interested in solar energy?",The potential impact on the environment and the future of energy sustainability got me interested. What motivates you in your field?,Discussing personal motivations and inquiring about the other person’s can create a conversation that is both insightful and personal.,TRUE,1003,waiting
5,"The desire to make a difference, especially for future generations. It feels good to be a part of something meaningful. How long will you be in New York?",That’s a powerful motivator. I’ll be in New York for a week. Have you been to Hawaii before?,Sharing the duration of your trip and asking about the other person’s travel experiences can keep the conversation light and interesting.,TRUE,1003,waiting
6,This will be my first time. I’m really looking forward to the beaches and the natural scenery. What do you usually do at these conferences?,"First times are always exciting. The conference involves a lot of networking, workshops, and discussions. It’s a great way to stay updated and meet like-minded professionals.",Discussing the activities and purpose of attending professional events can provide insights into the nature of one's work and interests.,TRUE,1003,waiting
7,Networking and learning from others in the field sounds really productive. I hope your conference goes well.,"Thank you, Sara. I hope you have an amazing vacation in Hawaii. Enjoy the beaches!",Wishing each other well for their respective trips can bring a pleasant and friendly close to the conversation.,TRUE,1003,waiting
1,"It's always interesting sharing rides with strangers. You never know who you might meet. I'm Oliver, by the way.","That's true. Hi Oliver, I'm Harper. It's like a random snippet of someone else's day. Where are you heading today?",Starting a conversation with a reflective comment about the shared experience can make for an easy and friendly introduction in a shared ride.,TRUE,1004,waiting
2,Just off to a coffee shop near the park. I find it’s a good place to get some work done. How about you?,"I'm heading to a bookstore nearby. I love browsing through the shelves, finding new reads. Do you often work in coffee shops?",Responding with your own destination and asking about the other person’s habits can keep the conversation casual and open.,TRUE,1004,waiting
3,"Quite often, actually. The change of scenery helps with creativity. Do you have any favorite genres or authors?",I’m a big fan of science fiction. There’s something fascinating about exploring different worlds. What kind of work do you do?,Sharing personal interests and inquiring about the other person's profession can create an engaging and mutually interesting conversation.,TRUE,1004,waiting
4,I'm a freelance writer. A lot of my inspiration comes from people-watching and the energy in places like coffee shops. Does science fiction influence your perspective on technology and the future?,"Writing must be an interesting profession. Sci-fi does make me think about the possibilities of the future, both exciting and daunting. Are your writings influenced by your surroundings?",Discussing how personal interests influence professional life can reveal more about each other's perspectives and experiences.,TRUE,1004,waiting
5,"Definitely. There's a story in every corner, especially in a bustling city. What's the most intriguing book you've read recently?","I just finished a novel about parallel universes, which was quite thought-provoking. Do you focus on any particular writing genre?",Sharing recent reading experiences and asking about specific aspects of the other person’s work can deepen the conversation and uncover shared interests.,TRUE,1004,waiting
6,"I mostly write fiction, often inspired by real-life encounters. Parallel universes sound intriguing. Do you think that kind of concept could ever become a reality?","It’s an interesting thought. Who knows what the future holds? Fiction based on real life must be quite a challenge to balance. It's been great talking with you, Oliver.",Discussing speculative concepts and acknowledging the complexities of the other person’s work can make for a stimulating and thoughtful conversation.,TRUE,1004,waiting
7,"It is, but that's part of the fun. Thanks, Harper. Enjoy your time at the bookstore!","Thank you, Oliver. Enjoy the coffee shop and good luck with your writing!",Ending the conversation with well wishes for the other person’s plans provides a friendly and positive conclusion to the interaction.,TRUE,1004,waiting
1,"It's kind of peaceful in here, isn't it? A rare quiet moment in a busy day.",It is. These moments of calm are quite rare in the medical field. It’s a nice change of pace.,"Commenting on the immediate environment can be a gentle and effective way to start a conversation, especially in a setting like a doctor's office.",TRUE,1005,waiting
2,I imagine it must be non-stop for you most days. What's it like working in such a fast-paced environment?,"It's definitely challenging, but also rewarding. You get to meet so many different people. How do you usually spend your days?",Sharing a bit about the work environment and asking the other person about their daily life can create a mutual exchange and keep the conversation engaging.,TRUE,1005,waiting
3,"I work in graphic design, so it's a lot of time in front of a computer. It's creative, but not as dynamic as healthcare, I bet.","Graphic design sounds interesting. There's creativity in healthcare too, especially in problem-solving. Do you have a particular area of design you focus on?",Acknowledging the other person’s profession and showing interest in the specifics can lead to a more in-depth and personal conversation.,TRUE,1005,waiting
4,"I specialize in web design. It's about making information both accessible and visually appealing. Speaking of which, how do you manage to keep everything organized here?",Organization is key. We use a lot of digital tools to keep track of everything. It's all about finding the right balance. What led you to web design?,Sharing organization strategies and inquiring about the other person’s career choice can provide insights into each other’s professional life and decision-making processes.,TRUE,1005,waiting
5,I've always been fascinated by how design influences user experience. It's like solving a visual puzzle. Is there a part of your job that you find particularly fulfilling?,"For me, it's definitely helping patients feel at ease and cared for. It's like solving puzzles in patient care. Do you find your work influences how you view everyday things?",Discussing the fulfilling aspects of one's job and asking about the influence of professional skills on personal perspective can deepen the conversation.,TRUE,1005,waiting
6,Absolutely. I tend to notice the layout and design of almost everything now. It changes how you see the world. Have you always been interested in nursing?,"I was drawn to it because of the opportunity to help people directly. It's always been about making a positive impact. It's been nice talking with you, Grace.",Sharing what drew them to their profession and reflecting on its impact on their worldview can make the conversation more meaningful.,TRUE,1005,waiting
7,"Likewise, Michael. It's been interesting learning about your work. Thanks for the chat.","You're welcome, Grace. It’s always good to have a nice conversation. I hope your appointment goes well!",Expressing appreciation for the conversation and offering well wishes for the other person’s appointment provides a friendly and positive close to the interaction.,TRUE,1005,waiting
1,"Waiting for printers really tests one's patience, doesn't it?",Absolutely. It seems to be a universal experience in any office.,Making a light-hearted comment about a shared situation is a friendly way to start a conversation and ease any awkwardness.,TRUE,1006,waiting
2,Definitely. Is this a regular part of your day here?,More often than I'd like. But it gives me time to catch up on other tasks. How about you? Are printed documents a big part of your work?,Sharing a bit about your daily routine and asking the other person about their work-related experiences keeps the conversation casual and relevant.,TRUE,1006,waiting
3,They are for presentations like the one I have today. It's interesting how we still rely on paper in a digital age. Do you think we'll ever go fully digital?,"I think we're heading in that direction, but some things still need a physical copy. What's your presentation about?",Discussing the transition between paper and digital formats and showing interest in the other person's work can lead to a more substantial conversation.,TRUE,1006,waiting
4,It's on environmental sustainability. It's quite a challenge balancing the digital and natural worlds. Do you have any particular interests in your field?,Sustainability is so important. My interest really lies in how technology can enhance education. It's fascinating to see the impact.,"Sharing personal interests or passions, especially how they relate to work, can create a deeper, more engaging dialogue.",TRUE,1006,waiting
5,That’s a great area to be involved in. Have you always been interested in technology?,Ever since I was young. I used to dismantle gadgets to see how they worked. Do you use a lot of technology in your sustainability work?,Discussing long-standing interests and how they influence current professional pursuits can make the conversation more personal and interesting.,TRUE,1006,waiting
6,"We do, especially for data analysis. It's all about using tech responsibly. What's one tech project you've worked on that you're really proud of?",I helped set up an interactive learning platform for a school recently. It was incredibly rewarding. How do you incorporate sustainability into your daily routine?,Sharing personal achievements and asking about how the other person applies their professional passions in daily life keeps the conversation engaging and relevant.,TRUE,1006,waiting
7,I try to make environmentally conscious choices every day. Every little action adds up. It's been really nice talking about this with you.,"I agree, every effort matters. It's been great discussing this with you too. Good luck with your presentation!",Concluding with a shared acknowledgment of the importance of individual efforts and well wishes can end the conversation on a positive note.,TRUE,1006,waiting
1,"Have you ever noticed how every place has its own unique background music? I’m Ryan, by the way.","That's an interesting observation! I'm Claire. It’s funny you mention that, I often find myself humming along.",Starting with a unique observation about the environment can be an intriguing way to initiate a conversation in any general setting.,TRUE,1007,waiting
2,"Yeah, it's like an unintentional soundtrack to our day. What kind of music do you usually find yourself humming to?","I’m all over the map, but I have a soft spot for jazz. How about you? What music do you enjoy?",Sharing personal music preferences and asking about the other person’s can lead to a common ground and an engaging conversation.,TRUE,1007,waiting
3,Jazz is great! I'm a bit of a rock enthusiast myself. Do you go to live music events often?,"When I can. There’s something special about live performances. Do you play any instruments, or are you more of a listener?",Talking about live music experiences and inquiring about personal involvement in music can expand the conversation to include hobbies and interests.,TRUE,1007,waiting
4,I play a bit of guitar. It's a good way to unwind. Do you play any instruments or have other artistic hobbies?,"I dabble in piano, but I’m more of a painter. It’s my creative outlet. Does playing guitar influence your taste in music?",Sharing your own hobbies and asking how the other person’s interests influence their life can make the conversation more personal and meaningful.,TRUE,1007,waiting
5,Definitely. I appreciate music with great guitar solos and riffs. Painting sounds interesting. What do you like to paint?,I enjoy painting landscapes. There’s something calming about capturing the beauty of nature. Do you have a favorite guitarist or band that inspires you?,Discussing personal creative interests and asking about specific inspirations can deepen the conversation and reveal more about each other’s personalities.,TRUE,1007,waiting
6,Jimi Hendrix has always been a huge inspiration. His style is unmatched. Do you find that painting influences how you see the world?,Absolutely. It makes me more attentive to details and colors in my surroundings. Have you had the chance to see any of your favorite musicians live?,Sharing how a hobby affects one’s perspective and inquiring about memorable experiences can continue to build the connection and keep the conversation flowing.,TRUE,1007,waiting
7,"I saw a Hendrix tribute band once, and it was incredible. There's something about live music that can't be replicated. Do you exhibit your paintings, or is it more of a personal hobby?","I’ve exhibited a few times, but it’s mostly personal. I agree about live music; it has an energy that’s hard to capture elsewhere. It's been great talking about our interests, Ryan.",Discussing the public versus personal aspects of a hobby and agreeing on shared sentiments can bring a sense of closeness to the conversation.,TRUE,1007,waiting
1,"I always try to spot the recruiters at these events – they're like celebrities here. I’m Danielle, by the way.","That's a unique perspective! I'm Thomas, a recruiter with XYZ Corporation. What's your area of expertise, Danielle?","Using a humorous and light-hearted opening line can make the conversation more relaxed and engaging, especially with a recruiter.",TRUE,1008,networking
2,"I specialize in digital marketing with a focus on data analytics. It's like being a detective, but with market trends. How do you usually identify promising candidates?",Digital marketing is a growing field. I look for candidates who are not only skilled but also passionate about what they do. What drives your interest in digital marketing?,Recruiters appreciate when job seekers show interest in their processes. This approach also opens up the conversation to talk about personal motivations and skills.,TRUE,1008,networking
3,"For me, it's the thrill of uncovering insights that can transform a strategy. I'm always curious about the story behind the data. Do you find that passion is a common trait in successful candidates?",Definitely. Passion often translates into motivation and innovation on the job. It sounds like you have a strong drive in your field. Have you worked on any notable projects recently?,Recognizing a candidate’s passion and asking about recent work can provide a recruiter with a better understanding of the candidate's capabilities and achievements.,TRUE,1008,networking
4,"Recently, I analyzed customer data for a major campaign that resulted in a significant increase in engagement. It was a challenging but rewarding experience.",That sounds like an impressive achievement. We have a few positions in digital marketing that could benefit from your skills. Let's exchange contact information.,Noting a candidate’s achievements and suggesting a fit for current openings can lead to potential job opportunities and encourages the exchange of contact information.,TRUE,1008,networking
5,"That would be great, thank you. Here's my business card and LinkedIn profile. I'm keen to learn more about the opportunities at XYZ Corporation.","Perfect, I'll send you the details of the positions and we can set up a time to discuss them further. It was a pleasure meeting you, Danielle.",Exchanging business cards and LinkedIn profiles is a practical way to maintain contact and follow up on job opportunities.,TRUE,1008,networking
6,"Likewise, Thomas. Thank you for your time and the opportunity to connect. I look forward to our follow-up conversation.","You're welcome, Danielle. I'm glad we had the chance to meet. Enjoy the rest of the event!",Expressing appreciation for the conversation and looking forward to future discussions leaves a positive impression and concludes the interaction on a hopeful note.,TRUE,1008,networking
1,"I always find it fascinating to guess what industries people are in at these events. I'm Ben, by the way.",That's an interesting approach to networking! I'm Melissa. Care to guess what I do?,Using a unique and engaging opening line can make the initial interaction more memorable and enjoyable.,TRUE,1009,networking
2,"Well, based on your confident demeanor, I’d say something in leadership. Am I close?","Pretty close! I'm a project manager in tech. What about you, Ben? What brings you here tonight?",Responding positively to a guess about your profession and reciprocating with a question keeps the conversation friendly and interactive.,TRUE,1009,networking
3,"I'm in environmental consulting. It's always great to meet people from different fields, especially tech. Do you find your work in project management to be challenging?",Absolutely. It's a mix of strategy and people management. How does environmental consulting intersect with tech?,Sharing the challenges of your profession and asking about intersections with the other person's field can lead to an insightful professional exchange.,TRUE,1009,networking
4,"There's a lot of overlap, especially with green technology and sustainability initiatives. It’s all about making a positive impact.",That's fascinating. Sustainability is becoming a huge focus in tech too. It seems we have a common interest in that area.,Acknowledging common professional interests can lay the groundwork for a more in-depth discussion and potential collaboration.,TRUE,1009,networking
5,Definitely. It's encouraging to see different sectors working towards sustainability. Do you have any projects related to that?,We've recently started incorporating more sustainable practices in our development processes. It's an evolving journey. What's been your most rewarding project?,Discussing recent relevant projects can provide a deeper understanding of each other’s work and highlight shared values.,TRUE,1009,networking
6,Working on a project to reduce carbon footprints for local businesses. It's been challenging but very fulfilling. Would you be interested in collaborating on a sustainability project in the future?,That sounds like a meaningful project. I’d be interested in exploring potential collaborations. Let's exchange contact information.,Expressing interest in future collaboration and exchanging contact information can establish a foundation for professional networking and opportunities.,TRUE,1009,networking
7,I'd like that. Here's my business card. Feel free to reach out anytime. It was great meeting someone with aligned interests.,"Likewise, Ben. Here's my card. I look forward to the possibility of working together. Enjoy the rest of the event!",Exchanging business cards and affirming interest in future collaboration wraps up the conversation on a positive and productive note.,TRUE,1009,networking
1,"I've always found these networking events to be a bit daunting. I’m Elena, by the way, in graphic design.","I can relate. Hi Elena, I'm Connor, I work in web development. It's interesting how our fields often overlap.",Starting with an honest statement about networking events and introducing yourself sets a relatable and open tone for the conversation.,TRUE,1010,networking
2,That's true. There's a lot of synergy between design and development. Have you worked on any interesting web projects recently?,"Yes, I just finished a project that involved a lot of interactive design. I think collaboration with graphic designers is key. Do you often collaborate with developers?",Sharing recent work experiences and asking about collaboration can help establish professional common ground and potential areas of interest.,TRUE,1010,networking
3,"Absolutely, it's essential for creating cohesive designs. It's funny, I just worked on a similar project. Maybe we've crossed paths professionally without realizing it!",That would be quite a coincidence! What project was it?,Expressing surprise and inquiring about specific projects can lead to discovering unexpected commonalities.,TRUE,1010,networking
4,It was an interactive website for a local art gallery. The project had a unique blend of art and technology.,"No way, I worked on the same project from the development side! It's a small world. We should definitely connect on LinkedIn.",Finding a shared project experience and suggesting to connect on LinkedIn strengthens the professional connection and opens up future communication opportunities.,TRUE,1010,networking
5,"That's amazing! I thought your name sounded familiar. Here, let me add you on LinkedIn. What's the best way to reach you for future collaborations?","My LinkedIn has all my contact details, but let me give you my business card as well. Feel free to reach out anytime.",Exchanging LinkedIn information and business cards is a practical way to ensure future contact and potential collaboration.,TRUE,1010,networking
6,"Great, I'll do the same. Here's my card. It's really exciting to meet someone I've indirectly worked with. Maybe we can collaborate more directly in the future.","Absolutely, I'll look forward to it. It's been great talking to you, Elena. Let's keep in touch.",Expressing enthusiasm for future collaborations and confirming the intent to stay in touch solidifies the new professional relationship.,TRUE,1010,networking
1,"I've heard great things about your company. I'm Jordan, currently exploring new opportunities in marketing.","Nice to meet you, Jordan. I'm Alex, a recruiter here. What aspect of marketing are you most passionate about?",Initiating with a direct statement about career interests and a self-introduction sets a professional tone and clearly states intent.,TRUE,1011,networking
2,"I'm particularly interested in digital marketing strategies. It's like a game of chess, always trying to stay one step ahead. Speaking of which, do you play any games or have any hobbies?","Digital marketing does require strategic thinking. I do play chess in my free time, actually. It's a great way to unwind. How about you?",Acknowledging the comparison and sharing a personal hobby can naturally transition the conversation into a more personal area.,TRUE,1011,networking
3,"Chess is a great hobby. I'm an avid rock climber. It requires strategic planning and adaptability, much like digital marketing.",Rock climbing sounds challenging. It must take a lot of resilience and problem-solving skills.,Relating the hobby back to professional qualities can highlight personal attributes that are valuable in the job context.,TRUE,1011,networking
4,"Absolutely. Climbing has taught me to be persistent and think creatively, especially when facing tough routes. I believe these skills are directly applicable to marketing challenges.",That's an interesting perspective. Being able to apply those skills in a marketing role could be very beneficial. Do you have any specific marketing projects you've worked on where these skills came into play?,Seeing the connection between personal hobbies and professional skills can lead to a deeper understanding of the candidate's potential.,TRUE,1011,networking
5,"Definitely. In a recent project, I had to navigate unexpected market changes, much like adjusting to a new climbing route. I strategized and adapted the campaign on the fly, resulting in increased engagement.",That's impressive. Adapting strategies effectively is crucial in marketing. It seems like your rock climbing experience has given you a unique approach to problem-solving.,Recognizing how a candidate's personal experiences can enhance their professional approach can indicate a well-rounded individual.,TRUE,1011,networking
6,"I think so. Facing a rock wall or a marketing challenge, it's all about finding the best path forward. I'm excited about the possibility of bringing this mindset to your team.",It's great to see that kind of enthusiasm and unique approach. We're always looking for innovative thinkers. Let's discuss more about potential opportunities.,Connecting personal experiences and skills to the job role can effectively demonstrate a candidate's suitability and readiness for the position.,TRUE,1011,networking
1,"This is quite an impressive turnout. I’m Adrian, by the way.","It is, isn't it? I'm Sophie. It's my first time at this kind of event. What about you?",Starting with a comment on the event itself and a self-introduction is a good way to initiate a conversation in a networking setting.,TRUE,1012,networking
2,I've been to a few of these. They're great for meeting people in different fields. What industry do you work in?,I'm in digital marketing. It's an ever-evolving field. How about yourself? What brings you to these events?,Sharing your industry and inquiring about the other person's reason for attending can help establish a professional connection and mutual interests.,TRUE,1012,networking
3,"I'm in software development. Always looking to connect with people in related fields. Digital marketing, huh? That must be quite dynamic.","It is, especially with how quickly technology changes. Software development is crucial to our work too. Do you specialize in any particular area?",Acknowledging the interrelation of different fields and inquiring about specifics can lead to a more in-depth professional conversation.,TRUE,1012,networking
4,Mostly in developing mobile applications. It's fascinating to see how they can be used in marketing strategies. Do you focus on any specific digital marketing area?,Mobile apps are definitely a big part of our strategy. I mainly focus on content creation and social media engagement.,Discussing the specifics of your professional focus and connecting it to the other person's field can create opportunities for potential collaboration or exchange of ideas.,TRUE,1012,networking
5,Social media is such a powerful tool these days. Do you find it challenging to keep up with the trends?,"Definitely. It requires constant learning and adapting. In your app development, how do you ensure user engagement?",Sharing the challenges of your field and asking about challenges in the other person's field can provide insights into industry-specific issues.,TRUE,1012,networking
6,"User experience is key. We conduct a lot of testing to ensure the app is intuitive and meets user needs. In digital marketing, how do you measure success?",User experience is something we focus on too. Success for us is mostly measured in engagement rates and conversion metrics. Do you use any specific tools or methodologies in your development process?,Discussing key aspects of your work and inquiring about the other person's tools and methodologies can deepen the professional dialogue.,TRUE,1012,networking
7,We use a variety of agile development methods. It helps us adapt quickly to changes. Does your team use similar approaches in marketing?,Agile methodologies are becoming more common in our projects too. They help us stay flexible and responsive. Have you worked on any projects that intersect with marketing?,Sharing your work processes and inquiring about overlaps between your fields can lead to discussions about potential collaborative opportunities or shared challenges.,TRUE,1012,networking
1,"I can't decide which appetizer to try first, they all look so good. I'm Rachel, by the way.","I know, right? I'm David. I've been eyeing those mini quiches. Have you tried them yet?",Starting a conversation with a comment on something neutral like food is a great way to break the ice without directly talking about the party.,TRUE,1014,casual_social_gathering
2,"Not yet, but they're next on my list. Do you often come to these kinds of gatherings?",Every now and then. They're a nice way to meet new people. How about you?,Answering and then reciprocating the question keeps the conversation flowing and shows mutual interest.,TRUE,1014,casual_social_gathering
3,"Same here, I like the relaxed vibe. What do you do for fun when you're not at social events?",I'm a bit of an outdoor enthusiast. I love hiking and kayaking. What about you? Any hobbies?,Sharing a personal interest and asking about the other person's hobbies can naturally transition the conversation into more personal territory.,TRUE,1014,casual_social_gathering
4,I'm really into painting. It's a great creative outlet for me. Do you find being outdoors to be refreshing?,"Painting sounds fantastic. And yes, being outdoors really recharges me. Do you have a favorite style or subject you like to paint?",Expressing interest in the other person's hobby and sharing a bit about the effect of one's own hobby can deepen the conversation.,TRUE,1014,casual_social_gathering
5,I enjoy landscape painting. It’s kind of like capturing the beauty of what you might see on a hike. Ever tried combining your outdoor adventures with art?,"That's a great idea! I usually take photos, but painting could be a unique way to capture those moments. Do you exhibit your paintings?",Connecting the other person's hobby to your own experiences and asking about their involvement in the hobby can make the conversation more engaging.,TRUE,1014,casual_social_gathering
6,I've had a few pieces in local galleries. It's always exciting to share your work. Have you ever thought about displaying your outdoor photography?,I've considered it. Maybe a gallery showing could be in my future. It's great to create something that resonates with others.,Sharing aspirations related to one's hobby and acknowledging the joy of sharing creative work can create a shared understanding and connection.,TRUE,1014,casual_social_gathering
7,Absolutely. There’s something special about sharing a part of your perspective with others. Do you have a favorite photo you've taken?,There's one of a sunrise over the mountains that I'm particularly proud of. It reminds me of the tranquility of nature. What inspires your paintings?,Discussing a favorite piece of work and inquiring about the inspiration behind the other person's hobby can further enrich the conversation.,TRUE,1014,casual_social_gathering
1,"This is a great party, isn't it? I'm Tyler, by the way.","It is! Hi Tyler, I'm Mia. I love the atmosphere here. How do you know the host?",Starting a conversation with a comment on the environment and a simple introduction is a great way to break the ice.,TRUE,1015,casual_social_gathering
2,"We work together. He always throws the best parties. What about you, Mia?",We're old college friends. It's nice to catch up in these gatherings. Do you have any interesting plans for the weekend?,Answering and then inquiring about weekend plans can naturally lead the conversation towards personal interests and hobbies.,TRUE,1015,casual_social_gathering
3,"Not much, just my usual jiu-jitsu class. I've been practicing for a few years now. How about you? Any plans?",Jiu-jitsu sounds intense! I'll probably be gaming a bit. I'm really into video games.,Sharing a hobby and responding with enthusiasm about the other person's interest can create a more engaging and lively conversation.,TRUE,1015,casual_social_gathering
4,That's cool! What kind of games do you play?,Mostly strategy and adventure games. They're great for unwinding. What got you into jiu-jitsu?,Talking about specific types of games and then showing curiosity about the other person's hobby fosters mutual interest.,TRUE,1015,casual_social_gathering
5,I wanted something challenging and physical. It's a great workout and teaches discipline. Do you find gaming to be a good way to relax?,Absolutely. It's my way of escaping reality for a bit and diving into different worlds. Have you always been into martial arts?,Discussing the benefits of one's hobby and then inquiring about the other person's long-term interest in theirs can deepen the conversation.,TRUE,1015,casual_social_gathering
6,"Not always. I started with jiu-jitsu in college and just got hooked. It's fascinating to learn. Strategy games must require a lot of thinking, right?",They do! It's like exercising your brain in a fun way. Jiu-jitsu seems like it would require a lot of strategy too.,Acknowledging the mental aspect of gaming and connecting it to the strategic elements of martial arts can add an interesting perspective to the conversation.,TRUE,1015,casual_social_gathering
7,"It does, in a way. It's all about anticipating your opponent's moves. Sounds like we both enjoy things that challenge us.",Definitely. I think challenging hobbies keep life interesting. Do you compete in jiu-jitsu?,Finding a common ground in enjoying challenging activities and inquiring about the competitive aspect of the other person's hobby can keep the conversation dynamic and engaging.,TRUE,1015,casual_social_gathering
1,"This line is taking forever, isn't it? I'm Oliver, by the way.","It really is. Hi Oliver, I'm Jasmine. First time seeing the line this long here.",Commenting on a shared situation like a long line is a natural way to start a conversation with a stranger.,TRUE,1016,waiting
2,"Yeah, it's unusual. Do you shop here often?",Pretty often. They have great deals on electronics. What brings you here today?,Answering and then asking a reciprocal question keeps the conversation friendly and balanced.,TRUE,1016,waiting
3,I'm looking for a new phone. My old one is practically ancient. Do you have any recommendations?,"I'm not an expert, but I recently got a new model that I really like. It depends on what features you're looking for.",Offering personal experiences and asking about preferences can make the conversation more engaging and helpful.,TRUE,1016,waiting
4,I'm mostly concerned about the camera quality. I love photography. Do you take a lot of photos with your phone?,"I do, especially when I'm traveling. It's easier than carrying a camera. Do you travel a lot for your photography?",Sharing a common interest and inquiring about the other person's related activities can lead to a more interesting and personal conversation.,TRUE,1016,waiting
5,Whenever I can. There's so much to see out there. What's your favorite place you've traveled to?,"I loved visiting the mountains in Switzerland. The scenery was breathtaking. How about you, any favorite travel spots?",Sharing a memorable travel experience and asking about the other person's favorite destinations can create a more vivid and engaging dialogue.,TRUE,1016,waiting
6,I've always wanted to visit Switzerland! My favorite so far has been the beaches in Thailand. The sunsets are incredible.,Thailand sounds amazing. I've seen pictures of the beaches there. They look like paradise. Do you also find travel to be a great escape?,Expressing interest in the other person's travel experiences and discussing the concept of travel as an escape can deepen the conversation.,TRUE,1016,waiting
7,Definitely. It's a way to experience new cultures and perspectives. Do you also find that travel changes your view of the world?,Absolutely. It's eye-opening to see how different and yet similar people are around the world. It broadens your mindset.,Discussing how travel impacts one's worldview can turn a casual conversation into a more reflective and meaningful exchange.,TRUE,1016,waiting
1,"Hi, I'm Brian. I don't think we've met. How are you finding the event?","Hi Brian, I'm Zoe. It's pretty good, a nice change from the usual office routine. What do you do at the company?",Starting with a friendly introduction and a general question about the event is a good way to begin a conversation.,TRUE,1017,workplace_interaction
2,I'm in the marketing department. These events are a great way to meet people from other departments. What's your role here?,I work in the finance department. It's interesting to see everyone outside of work. Do you enjoy working in marketing?,Sharing your department and showing interest in the other person's role helps to keep the conversation engaging and reciprocal.,TRUE,1017,workplace_interaction
3,"I do, especially the creative aspect of it. How about you? What do you like about working in finance?","The analytical side of it is fascinating to me. But it's not all numbers. Outside of work, I like to balance it with more creative hobbies.",Sharing a bit about work preferences and then transitioning to personal interests can smoothly shift the conversation from work to personal life.,TRUE,1017,workplace_interaction
4,That's interesting. What kind of creative hobbies do you have?,I'm really into photography. I love capturing moments and the beauty in the ordinary. How about you? Any hobbies outside of work?,"Talking about personal hobbies can open up a new dimension of the conversation, making it more personal and engaging.",TRUE,1017,workplace_interaction
5,Photography sounds great. I'm actually into hiking. There's something about being in nature that's really refreshing.,Hiking is fantastic. Do you have a favorite trail or spot you like to visit?,Responding positively to the other person's hobby and asking for specifics can further deepen the conversation and build rapport.,TRUE,1017,workplace_interaction
6,There's a trail by the lake that I really enjoy. It's peaceful and the views are amazing. Do you often incorporate nature into your photography?,I do. Nature photography is one of my favorites. It's amazing how the right light can transform a landscape. Have you ever thought about combining hiking and photography?,Sharing a personal favorite and then connecting it back to the other person's interest can create a shared topic of conversation.,TRUE,1017,workplace_interaction
7,Combining the two sounds like a great idea. Maybe I'll try taking some photos on my next hike. Have you ever displayed your photos anywhere?,I've had a few in local galleries and online. It's always exciting to share your work. Do you take photos during your hikes?,Sharing experiences with hobbies and asking about the other person's engagement in similar activities helps to maintain a lively and mutual interest in the conversation.,TRUE,1017,workplace_interaction
1,"Hi, I'm Sophia. I don't think we've met before. Are you enjoying the event?","Hi Sophia, I'm Aaron. Yeah, it's been interesting so far. How about you? What do you think of it?","Initiating conversation with a casual introduction and a shared topic, like the event, is a good way to start a light conversation.",TRUE,1018,workplace_interaction
2,"It's pretty good. I like these kinds of events, they break up the work routine. What department are you in, Aaron?",I'm in the research and development team. It's always exciting. How about you?,Sharing one's department and showing interest in the other person's role helps to establish common professional ground.,TRUE,1018,workplace_interaction
3,I work in human resources. It's a different kind of excitement for sure. What's the most interesting project you've worked on recently?,We've been developing a new eco-friendly material. It's quite a challenge but very rewarding. What's a typical day in HR like?,Discussing recent projects and asking about the other person's daily role can lead to an insightful exchange of workplace experiences.,TRUE,1018,workplace_interaction
4,No day is typical in HR! We deal with everything from recruitment to employee relations. It keeps me on my toes. How does your project impact the company's sustainability goals?,It's a key part of our strategy to be more environmentally responsible. Does HR get involved in sustainability initiatives?,Explaining the impact of one's work on company goals and asking about the other person's involvement in broader initiatives shows a holistic interest in the company.,TRUE,1018,workplace_interaction
5,"Yes, we do. We're currently working on improving company-wide awareness about sustainability. It's a team effort. Are there any challenges you've faced with your project?","Balancing innovation with practicality is always a challenge, but it's part of the process. How does HR tackle promoting company culture?",Sharing challenges and asking about strategies in another department can broaden the conversation to more general company-wide topics.,TRUE,1018,workplace_interaction
6,We focus on open communication and employee engagement activities. It's about creating a positive work environment. What motivates you in your role?,"The potential to make a real difference, especially in sustainability. What about you? What drives you in your work?",Discussing personal motivations and reciprocating the question can lead to a more personal and meaningful conversation.,TRUE,1018,workplace_interaction
7,"Helping people and seeing the positive impact of our policies. It's rewarding. Speaking of impact, do you think your project will change how the company operates?",I believe so. It could set a new standard for our environmental practices. How do you see HR evolving in the future?,Discussing the potential impact of work on the company and inquiring about future changes in the other person's department can lead to a forward-looking and engaging discussion.,TRUE,1018,workplace_interaction
1,"Hey Lucas, we haven't had much of a chance to talk. I'm Emma, from the analytics team.","Hi Emma, I know, it's good to finally have a chat. I'm handling the project's technical aspects.",Beginning with a direct introduction and acknowledging the need for more interaction is a good way to start building rapport with a team member.,TRUE,1019,workplace_interaction
2,It's nice to put a face to the emails. What's your main focus for the project right now?,I'm currently working on the project's infrastructure. How about you? What are you focusing on?,Responding with current responsibilities and reciprocating the question demonstrates mutual professional curiosity and encourages team rapport.,TRUE,1019,workplace_interaction
3,I'm analyzing user data to inform our strategy. It's quite a puzzle. How do you find working on the technical side?,It's challenging but rewarding. I enjoy solving complex problems. Does your data analysis bring up any interesting trends?,"Sharing personal experiences and inquiring about specific aspects of the other person's work fosters a deeper, work-related conversation.",TRUE,1019,workplace_interaction
4,Definitely. We're seeing some unexpected user behaviors. It's intriguing. Do you think this will impact your technical work?,It might. Understanding user behavior is crucial for us. Can you share more about these trends?,Acknowledging the interdependence of work areas and asking for specific information shows engagement and a collaborative attitude.,TRUE,1019,workplace_interaction
5,"Sure, I've noticed that users prefer more interactive features. We might need to adapt our approach. How do you feel about adapting strategies mid-project?",It's part of the process. Flexibility is key. I think we can incorporate these insights effectively. What's your biggest challenge with data analysis?,Expressing a willingness to adapt and asking about the other person's challenges can lead to a more comprehensive understanding of team dynamics.,TRUE,1019,workplace_interaction
6,Balancing accuracy with timely insights can be tough. We need to be quick but also thorough. How do you balance technical precision with project deadlines?,It's a delicate balance. Prioritizing and efficient planning are essential. Have you worked on similar projects before?,Discussing balancing techniques and inquiring about past experiences helps build a professional connection and shared understanding of work challenges.,TRUE,1019,workplace_interaction
7,"A few, but each project has its unique aspects. It's always a learning experience. Speaking of which, how do you usually approach new challenges in your work?",I try to stay adaptable and keep learning. Each challenge is an opportunity. What motivates you in your work?,Sharing personal approaches to new challenges and asking about motivational factors can help to develop a deeper rapport and mutual respect within the team.,TRUE,1019,workplace_interaction
1,"Hey Natalie, I've seen you around but we haven't really talked much. I'm Derek from design.","Hi Derek, I've noticed you too. I'm in project management. It's nice to finally chat!",Acknowledging mutual recognition and introducing your department is a friendly way to start a conversation with a familiar colleague.,TRUE,1020,workplace_interaction
2,"Yeah, it's nice to put a name to the face. What kind of projects are you managing currently?",I'm currently overseeing a new product launch. It's quite exciting. How about you? Any interesting design projects?,Sharing current work responsibilities and reciprocating the question demonstrates mutual professional interest and keeps the conversation balanced.,TRUE,1020,workplace_interaction
3,I'm working on the visuals for a marketing campaign. It's challenging but fun. A product launch sounds intense. What's your biggest challenge with it?,"Coordinating between different teams to meet deadlines is always a challenge, but it's rewarding. Does your design work involve a lot of collaboration with marketing?",Discussing specific challenges in one's role and asking about the other person's collaboration process can lead to a more in-depth and relatable conversation.,TRUE,1020,workplace_interaction
4,"Absolutely, we work closely to ensure the visuals align with the campaign's message. Collaboration is key. Do you enjoy the cross-team coordination?","I do, actually. It's great to see how different perspectives come together to create something amazing. What's your favorite aspect of working in design?",Expressing enjoyment in collaborative efforts and inquiring about the other person's favorite aspects of their job can create a more personal and engaging dialogue.,TRUE,1020,workplace_interaction
5,"I love seeing ideas come to life visually. It's like solving a puzzle with creativity. Speaking of collaboration, have our paths crossed in any projects?","Not directly, but I've admired the design work on recent campaigns. Perhaps we'll collaborate on a future project. What would you like to work on next?","Acknowledging past indirect interactions and expressing hope for future collaboration, followed by asking about future aspirations, can strengthen workplace connections.",TRUE,1020,workplace_interaction
6,I'm hoping to get involved in more brand development projects. They offer a lot of creative freedom. Have you ever worked on a brand development project?,"Yes, a few times. It's fascinating to see a brand evolve. It would be interesting to work together on such a project. What's your biggest challenge in brand development?","Sharing experiences and expressing interest in potential future collaborations, then inquiring about challenges in the other person's field fosters a forward-looking and supportive conversation.",TRUE,1020,workplace_interaction
7,Balancing creativity with brand consistency can be tricky. It's a fine line. How do you handle project setbacks?,Clear communication and flexibility are key. Every setback is a learning opportunity. What's been your most rewarding project so far?,Discussing strategies for handling setbacks and inquiring about rewarding experiences allows for a mutual exchange of insights and accomplishments.,TRUE,1020,workplace_interaction
1,"Hi there, I'm Liam. I don't believe we've met yet. What department are you in?","Hi Liam, I'm Grace. I work in the finance department. And you?",Starting a conversation with a self-introduction and an inquiry about the other person's department sets a professional tone and initiates engagement.,TRUE,1021,workplace_interaction
2,I'm in the sales team. How long have you been with the finance department?,I've been here for about two years. It's a dynamic environment. What do you find most exciting about sales?,"Sharing one's duration at the company and asking about the other person's enthusiasm for their department creates a two-way, engaging dialogue.",TRUE,1021,workplace_interaction
3,The constant interaction with clients is thrilling. It keeps the job interesting. What's a typical day like in finance?,"No two days are the same, but it mostly involves budget analysis and financial planning. What kind of clients do you usually deal with?",Offering details about one's role and inquiring about the other person's client interactions shows interest and promotes a deeper understanding of each other's roles.,TRUE,1021,workplace_interaction
4,"We work with a variety of clients, from small startups to larger corporations. It's always a unique challenge. Do you find your work directly impacts company strategy?","Yes, financial insights play a key role in strategic decisions. How does the sales team adapt to different client needs?",Sharing one's impact on company strategy and asking about adaptability in the other person's role shows curiosity and a desire for comprehensive understanding.,TRUE,1021,workplace_interaction
5,We tailor our approach based on client size and industry. It requires a lot of flexibility. Do you work closely with other departments?,"Absolutely, especially with departments like sales and operations. We all need to be aligned financially. How do you stay motivated in such a dynamic environment?",Discussing inter-departmental collaboration and asking about personal motivation techniques can lead to insights about workplace dynamics and personal development.,TRUE,1021,workplace_interaction
6,"I thrive on the challenge and variety. Plus, team support is a big motivator. What's the most challenging aspect of your job in finance?",Keeping up with the rapidly changing financial regulations and market trends. It requires constant learning. What's been your most rewarding sales experience?,Sharing personal challenges and inquiring about the other person's rewarding experiences encourages a mutual exchange of professional highs and lows.,TRUE,1021,workplace_interaction
7,Closing a big deal with a major corporation last quarter was a highlight. It was a team effort. How do you keep up with all the financial changes?,I attend workshops and follow industry news. It's essential to stay informed. What are your goals for the next quarter in sales?,Sharing methods for staying informed and asking about future goals shows a forward-thinking mindset and encourages the sharing of professional aspirations.,TRUE,1021,workplace_interaction
1,"Hi, I'm Mia. I don't think we've met before. What's your role here?","Hi Mia, I'm Evan. I work in the IT department. How about you?",Starting with a self-introduction and a direct question about the other person's role is a good way to initiate a professional conversation.,TRUE,1022,workplace_interaction
2,I'm part of the marketing team. Have you been with the IT department long?,I've been here for about three years now. It's been a great experience. What's your favorite part of working in marketing?,Sharing details about tenure at the company and inquiring about the other person's interests in their department shows engagement and interest.,TRUE,1022,workplace_interaction
3,I love the creativity involved. There's always something new to work on. What do you enjoy most about IT?,The problem-solving aspect is really rewarding for me. Tackling different tech issues keeps things interesting.,Expressing enthusiasm about one's own work and asking about the other person's experiences fosters a positive and reciprocal professional interaction.,TRUE,1022,workplace_interaction
4,Problem-solving can be quite a challenge. Any recent projects you found particularly rewarding?,"Yes, we recently upgraded the company's network security, which was complex but fulfilling. Do you have any exciting projects in marketing right now?",Discussing specific projects or achievements and showing interest in the other person's current work can lead to a more engaging and informative conversation.,TRUE,1022,workplace_interaction
5,We're working on a new social media campaign. It's been a lot of fun. Do you find your work impacts the company in noticeable ways?,Definitely. Keeping the network secure and running smoothly is essential for everyone. How does the marketing team gauge the success of your campaigns?,Acknowledging the impact of one's work and asking about the other person's success metrics can provide insights into different areas of the company.,TRUE,1022,workplace_interaction
6,We track engagement and conversion rates closely. It helps us understand our audience better. Is there a particular aspect of IT you're passionate about?,Data security is my area of interest. Protecting company and client data is crucial. How do you stay updated with the latest trends in marketing?,Sharing a specific area of interest within one's field and asking about the other person's methods for staying current shows a depth of professional engagement.,TRUE,1022,workplace_interaction
7,I attend webinars and follow industry leaders on social media. It's important to keep learning. Do you do any continuing education for IT?,"Yes, I take online courses and attend workshops. It's vital to stay updated with technology changes. What's the biggest challenge you face in marketing?",Discussing continuous learning and then inquiring about challenges in the other person's field can lead to a more comprehensive and reciprocal conversation.,TRUE,1022,workplace_interaction
1,"Hi, I'm Jordan. I don't think we've met. What's your name?","Hi Jordan, I'm Sam. Great to meet you. What brings you to this gathering?",Initiating with a self-introduction and an open-ended question can quickly create a friendly and engaging start to a conversation.,TRUE,1023,casual_social_gathering
2,"Just looking to unwind and meet some new people. How about you, Sam?","Same here, it's always nice to connect with new faces. I like the relaxed vibe of these events.",Reflecting on the reason for attending and asking a reciprocal question keeps the conversation balanced and shows interest.,TRUE,1023,casual_social_gathering
3,"Yeah, the atmosphere is really chill. Do you come to these often?","Not too often, but whenever I can. It's a nice break from the usual routine. How about you?",Sharing your own frequency of attending such events and then inquiring about the other person's habits creates a mutual ground for discussion.,TRUE,1023,casual_social_gathering
4,I try to come when I can. It's a good change of pace. Do you have any favorite activities to relax?,Reading is my go-to. I love getting lost in a good book. What about you? Any hobbies?,"Sharing personal relaxation activities and inquiring about the other person's interests fosters a deeper, more personal conversation.",TRUE,1023,casual_social_gathering
5,I'm into cooking. It's fun to experiment with new recipes. Ever tried any cooking adventures?,A bit of baking here and there. What's one dish you really enjoyed making recently?,Showing interest in the other person's hobbies and asking for specific examples can lead to a more engaging and detailed conversation.,TRUE,1023,casual_social_gathering
6,"I made a Thai curry last week, and it turned out great! Do you have a favorite thing to bake?",I love making banana bread. It's simple but always satisfying. Have you always been interested in cooking?,Sharing personal favorites and then inquiring about the other person's long-term interest in their hobby can add depth to the conversation.,TRUE,1023,casual_social_gathering
7,"Since I was a kid, yeah. I find it really therapeutic. Do you find baking to be relaxing?","Absolutely, there's something really calming about the process. What's the next dish you're planning to tackle?",Sharing a personal feeling about a hobby and then showing interest in the other person's future plans can maintain an engaging and meaningful conversation.,TRUE,1023,casual_social_gathering
1,"Hey, I'm Alex. I don't think we've met before. What's your name?","Hey Alex, I'm Charlie. Nice to meet you. How did you find out about this gathering?",Starting a conversation with a friendly introduction and a question can quickly break the ice and start a dialogue.,TRUE,1013,casual_social_gathering
2,"A friend invited me. It's always nice to meet new people. What about you, Charlie?",I heard about it through a community group I'm part of. I enjoy these casual get-togethers.,Asking reciprocal questions keeps the conversation balanced and shows mutual interest.,TRUE,1013,casual_social_gathering
3,Community groups are great for that. What kind of group is it?,It's a local hiking group. We explore different trails around the city.,Showing interest in the other person's activities can lead to discovering common interests and deeper conversations.,TRUE,1013,casual_social_gathering
4,Hiking sounds fun! Do you have a favorite trail or spot you'd recommend?,Definitely. There's a trail by the lake that's both challenging and scenic. Have you done much hiking?,Expressing curiosity about specific details can lead to more meaningful and engaging conversations.,TRUE,1013,casual_social_gathering
5,"Not a lot, but I'm looking to start. A scenic trail sounds perfect. Do you go hiking often?",I try to go every other weekend. It's a great way to unwind. Do you have any hobbies you do to relax?,"Sharing your own experiences and then inquiring about the other person's hobbies creates a two-way, relatable conversation.",TRUE,1013,casual_social_gathering
6,I'm really into photography. It's a nice way to capture moments. Ever tried it?,"A bit, but I'm no expert. Photography seems like a great companion to hiking, though.",Acknowledging your own experience level and connecting it to the conversation topic can create common ground.,TRUE,1013,casual_social_gathering
7,"It really is! Maybe next time you go hiking, you could try taking some scenic shots.",That's a good idea. I might give it a try. Do you have any tips for a beginner?,Offering suggestions and encouraging shared activities can strengthen a newfound connection and show thoughtfulness.,TRUE,1013,casual_social_gathering
1,"Hi, I'm Alex. This is my first time at an event like this. What about you, Charlie?","Hi Alex, I'm Charlie. I've been to a few of these events. They're a great way to meet people in the industry.",Initiating a conversation with a personal introduction and a question shows openness and interest in the other person.,TRUE,1024,casual_social_gathering
2,That's good to hear! What do you usually look for in these events?,I try to connect with people from different areas in marketing. It's always interesting to learn from varied perspectives.,Asking follow-up questions demonstrates active listening and keeps the conversation flowing.,TRUE,1024,casual_social_gathering
3,That makes sense. Different perspectives can be so valuable. What's your area of expertise in marketing?,I specialize in content marketing. It's all about creating engaging and valuable content.,Showing genuine interest in the other person's work can build rapport and encourage more detailed conversations.,TRUE,1024,casual_social_gathering
4,Content marketing sounds intriguing. How did you get into that field?,"It started as a hobby, writing blogs and articles. Eventually, it turned into a career.",Asking about someone's career journey can provide insights and show that you value their experiences.,TRUE,1024,casual_social_gathering
5,It's amazing how hobbies can lead to careers. What's one piece of advice you'd give to someone new to content marketing?,Always focus on your audience. Understanding their needs and interests is key.,Seeking advice shows respect for the other person's expertise and can lead to valuable learning opportunities.,TRUE,1024,casual_social_gathering
6,"That's a great tip, thank you. Have you seen any big changes in content marketing trends recently?","Yes, there's a growing emphasis on storytelling and creating more interactive content.","Inquiring about industry trends indicates a desire to learn and stay updated, which is important in professional networking.",TRUE,1024,casual_social_gathering
7,Storytelling and interaction sound crucial. Do you have a favorite project that incorporated these elements?,One of my favorites was a campaign where we used interactive videos to tell a brand's story. It was both challenging and rewarding.,Delving into specific examples or projects can make the conversation more concrete and engaging.,TRUE,1024,casual_social_gathering